Lot No.,Engine Size,Mileage,KM Run,Max Power,Price
0.05664593207896284,-1.0435170811803114,0.7973305271964934,-0.22269409739398666,-1.8637430832070838,45.02660967656139
0.23877757721720058,-0.41786435839122443,0.0005076609575207532,0.866960140493457,-0.31256537538177276,39.300832908969866
-1.4923971010206298,0.9366325730102084,0.7854322470770906,-0.09103451157733451,2.423966602601598,58.923445849457735
1.1322880626669338,-0.5835617676212936,0.7905425734340775,1.2620543441351464,-1.121521585109781,52.10128628123747
1.3189056423347756,2.024895035668785,0.9969745886492716,1.4277303851999181,4.410518906685343,79.32249202655743
1.909276809266566,-0.16809009862191446,-0.7374648374587585,0.6484108883064816,-0.11309925555254013,48.166459176659046
1.1921862430691395,0.7248568222914945,1.0693057225306988,-0.8265358482036481,2.1384398064043455,84.42377627131708
1.1488212626346719,-1.8549101069401952,-0.4871609764399814,0.33474727166395074,-3.546088788879491,40.535356128839325
1.9108268513563658,-0.587220312328312,-0.3871271811779628,-0.3882504142848946,-1.1041157578511236,56.11109788714971
-0.1890716664357128,-0.5166479247981497,0.31306037402410647,-0.6450619849839091,-0.09228498935046336,46.80868698676646
-1.1900956616427807,-1.6919902665816606,-0.5095596910165758,-0.7506078465472166,-2.820299152928496,21.93237308749073
0.7046110365538915,-0.3051636564575855,0.27629117125955044,-0.18331212606736325,-0.5323349735251839,56.00932313020899
-0.8376314467621395,0.6165778833156857,-0.04715690665315173,-0.2826603073765432,1.9557962777562112,49.12890145579943
-0.10779898141065752,-1.5063627849179835,-0.869031915913438,0.5878435529783496,-2.8542733963128004,23.60696998764425
-0.02387657022079535,0.6289013224052489,-0.01973533608400797,1.4221623633790548,1.508083951554521,48.412005449032556
0.08045738824723,0.6954839830855626,0.5130930084025073,-1.6192384845969834,1.6844552222733227,75.21575536263153
-0.7842053522580003,-0.8260039618975794,0.006220116083705234,0.610250350242069,-0.9553972095865639,31.201111009934294
1.6084279864084703,0.8481328612401356,0.4726499561928052,-1.7144959336060128,2.160529810520423,84.118260065468
1.3999654960218648,-0.6123844176841136,-1.030208617706558,1.0297095253132769,-1.0097066916538875,39.39238307916765
1.0102417011130134,0.4873440669733974,-2.1435155269377923,0.06319760123875683,1.4215143960264522,43.386257195457326
0.5190762641226175,-0.35228003425087745,0.7616092820538556,1.3592011677241762,-0.583681316962798,53.98066418918002
0.21127980750382683,1.9569701208224635,-1.8400740467034211,1.9096203268902252,4.831627249389652,42.868232268449034
-0.24114028710168833,-0.7729263772440056,0.584454546801531,-0.6726053128644055,-0.9794064257688156,47.399971359885406
0.23671626722691233,1.4861483550745902,-0.20564989942254108,1.1850465270201729,3.4443160258911076,59.19145411782723
-0.40228725092261597,0.6744823287057321,0.07239694486037992,2.4772878839897663,1.6635310820586757,43.031969869288076
-1.0641952739365244,0.15294570276248168,0.15061686536502228,0.6747275103117134,0.3491071352615895,42.034077338527716
1.3916629077448075,-1.395763502640675,0.2490867067258341,-0.6431632805957185,-2.039082088321377,51.6104602027167
0.337421803805438,0.5853448715204038,-0.26004721423721183,-0.12734970364922488,1.7139587869121256,56.55558483822769
-1.1822858623874957,0.3132522117124349,0.7660814160802889,-1.2905790286808703,1.3936948491395704,64.91364724111676
1.0870162570956827,0.058632433962304546,0.44720791933334064,-0.740677414538285,0.907713634140396,65.7841835562809
0.6659051116898648,1.869507556296726,-0.33750904551725175,-1.8313620810185751,3.8112364919680823,82.0002685631275
0.019309749665400836,-1.6591820687283514,-0.6282673512796177,0.1757881620928976,-2.6586483030488552,27.516762975902132
0.4753073204351071,-0.20137072884079105,-0.566351682646331,1.4103021788336718,-0.34944211933733504,39.30716727368399
-1.8634927033644908,0.09649746807200862,0.43650985051198943,-1.7886284734303186,0.878019388866718,55.94956847096616
0.5967931667523978,0.3259492731181739,-0.8971397769002416,0.9148221980385752,1.0952495082496125,43.04645181275218
-0.12882441061771854,1.3154480784867055,-2.006254306621679,1.2577411463994266,3.098892304353372,33.50560058808938
-0.8379122727022941,0.6140770877540938,0.2385631924059012,1.3706690125520165,1.889213510273147,40.61091787219874
1.1039201638310538,-0.44083533307524686,-0.13744056592312542,0.3428125444572617,-0.19170403422388183,57.11899603216209
0.7394080011148192,-0.5786419712349918,-2.570978370484192,-0.2794763861514237,-0.8939544580244199,24.705036554372263
-0.747146281261468,-0.7178299441224044,1.6845181497943658,0.8395471039732748,-1.424180954484634,51.78332113915247
-0.1704271272651682,-0.6140685855306692,0.9200372541086793,-0.9894950666518446,-0.45684272443657326,60.40955201651581
0.6430152045929345,0.7812456213413251,0.45001987007766,2.3246988306765872,2.3786335689715,50.81996104482749
0.05302141682613787,-0.25889485567171067,0.08931731294908885,0.7981358191963214,-0.3781481075951255,49.0166293960622
-0.16058842832325187,0.43572993771277857,1.008628570441687,0.9066661681423391,1.4494666210003984,55.331931098992946
-1.312150474321184,0.2685242133769713,1.0137531025492121,1.589814483753099,0.8777226987981419,47.23858382021459
0.09897127859789831,1.8099561633950443,0.9289559706718395,0.5658530189877744,3.852127814259155,74.98228547665853
0.7528471132587693,-2.4889906780771858,-0.33580623945729104,-0.5072856598356725,-4.779337602569267,31.99099606764988
-0.5803021621745857,1.2046890542828572,-0.2887846562248378,0.7459110471387337,2.680868881854395,50.07531458907503
-0.07596463469698557,0.1286200466914307,-0.5781106793222887,-0.4878529020532569,1.2340928573935543,48.97162095310318
0.7736239988164135,0.5373503415026679,-1.7112236027941374,-0.2822634808958494,1.2901296612866973,43.89148939969188
-0.28250501810129425,0.25656015941980786,1.2082386408676518,0.1025239425467527,0.869527735901712,62.220571594527286
0.014892651411998978,0.7993587669109408,-0.9693321813595566,0.14277243264965214,1.6171174804524977,47.68024838535038
-0.5197697870966,1.898595815630463,0.06292411423245722,0.7874890045401773,4.41398190085594,66.35398827844121
0.8993384458408142,-1.0249308746080865,1.9389784604004943,-0.43794661128008205,-1.8194563614350887,72.99257748521417
-0.24138479980935626,0.3931252812580667,0.02392202180891483,-1.089409548186299,1.528602298581983,55.19703088534966
-0.4295204489836428,-0.3146708693542956,-0.9226795138074608,-0.3058362819208276,-0.04509153031370472,36.010309581452084
0.7583636679885976,-1.0778693889750501,-0.855665940701399,1.4691816460634772,-1.7356352233603434,27.966871672804082
1.247184369690463,0.8561711100483981,-0.5632049187841904,-0.009063786618308697,2.421595052291658,61.56738769166017
-0.1605133631869239,0.6252449661628293,-0.7129932001120494,1.0237851399264681,2.222535458229028,38.88670153024796
-1.9638295291956858,1.0252673760117528,2.7602054471376105,-0.8271132628222307,2.860573869680784,76.66850131489305
1.8479090566185066,-0.9197195967730546,-1.5809453763125743,0.8898889790474425,-1.4087840138844228,36.39911384845126
0.5795433466949741,0.11024354242385256,0.25968837470163386,-1.6680252708825845,1.1782156846591558,63.22750387578249
-1.2892611938117313,0.1334970410228064,-0.43999131122796514,-0.2995023312069633,0.3147521831505087,41.061147615449016
-0.410014245268715,-0.5255612153538508,-0.8717144114789452,-2.5668685436973564,-0.3183406298160133,45.58530444755892
2.2885429671867494,0.5553311661169891,-1.5193026268666343,1.520974178751614,1.7863287815153728,47.28967088492706
-1.2714883217896304,0.7575264271795924,1.2424646480796058,1.5519817697261273,2.042058022153341,51.283082915476186
0.055375283906417674,-0.7378046199630531,0.4231423709335024,-0.7618822875335702,-0.9086217880537261,52.51252239819304
-0.6707447222513998,0.9487447947499796,-0.3888954427034968,0.5759103457560267,2.6204348387471,46.781400728441696
0.32409605637338296,0.5420756749135335,0.25523479555359346,-0.7036541600935353,1.7667546999923298,65.63874142015962
1.2999676658984503,0.18333692460994203,-0.5642739758120243,-0.32353043924996927,1.1619865293191736,57.138942980335315
1.0155372122516944,-1.3046198708711798,-0.7644953098836529,0.885491279600161,-2.4963942195405657,32.63091006506827
-0.5620044930886258,0.395985495617967,-2.1596379237842607,-1.0614399324252903,0.9911336234073048,35.72995219714159
-1.3963247545070245,0.6722726416449957,-1.2373475674585444,-0.24523386394853897,2.065864512262745,37.16575525845164
-0.4783646604432103,0.5587132048474234,-0.5199917540975635,-0.8148145412513252,1.5112937321776787,51.04567588541229
1.441718879297572,0.6797227437921979,-1.3305469266320487,-2.0588126028856744,1.6986308907022156,66.57539447743827
0.48641447526861514,-0.6899606773138658,0.7246576582394498,0.416198015130148,-1.2264756685561105,50.73617220057426
0.8941899120058855,-1.4652921519311428,-0.3879705313457872,-0.1962800863749319,-2.8300102892510672,35.754304805613515
0.885339675170791,-0.23733747553109175,1.3151672242748802,0.05394784919048745,-0.06742784420710579,61.27268413026519
0.6274738890733788,2.711926334530005,-0.6544152115856667,0.6387908963776368,6.0067681335265135,69.26090839587914
-1.3997524051691785,-0.47707722748234904,0.7103065870256086,0.2165364483085301,-0.21343393400301702,41.261109430135406
-0.6305472839171333,-0.0760819308515329,1.4688997269604709,-0.25646669481120093,0.7181969800726229,62.355661770279504
0.61353801734884,-0.42461043158834316,-1.2662036330461521,-2.7208967943782745,0.11730529722599159,51.58148852189056
0.4691670345303076,-0.8723064545744181,0.41322206128064354,-0.9441882177656291,-1.2890480537966194,55.69835245136719
-1.8988092115352386,-1.8779444140653532,-1.8733371262825953,0.3467070134807992,-3.3554658290590234,0.018824160458319472
0.43342941879884156,-0.1892947737685185,2.399079134172614,-1.994729436700776,-0.0796499165736253,89.16170499900377
-0.4780326096982185,-1.2319332012971889,1.5867458915400912,1.2508771564913281,-1.6355063358512594,36.801562846318284
0.3437945184982995,-0.9957942444575173,-0.0643601718892202,-0.2831859217804899,-1.0817473189242788,47.329855937911546
-1.477321844568063,0.4145779384675297,0.18031665091497248,-0.48493197946972283,1.5952925521863546,51.10100875675965
-0.37456204068302057,-1.1487866124768888,-0.3179434292691666,0.9406481372398154,-2.229258440639853,28.62583275991032
0.5069596102163996,0.7565446243942913,0.34343944486038813,-0.1750006191092925,2.119115768764396,64.6643212563839
-0.6790157225290726,-1.368841882172104,-1.2246966988472046,-0.44284703031266553,-1.7984676319158295,19.75319396007777
1.2263213349432938,0.9578963935854922,-1.811019173528643,0.34836831647284794,2.017935444916052,48.28862595598667
-0.16400083754790637,0.5980896167979041,0.4342191251325904,-0.9632711252128711,2.17371875003576,69.33017923443556
-0.516417367788474,-0.5910787384858753,-0.9718405025726093,2.915737751792712,-0.8254687525972608,15.697336899464382
-1.5534163517364932,0.7824055717217961,0.5288944549960837,1.9224837539781199,2.2189983117826526,37.499140376713335
0.9504057099198077,-1.2044503066795262,1.3491063716897667,-0.15791912305221284,-2.2861149070788573,57.86011351518658
-1.3014070038290297,-0.6865140270835197,0.292448798701324,0.23798739271368016,-0.4116758607534575,38.79715169211712
0.7789196724567862,-0.588053484785079,-1.0597468264502732,-0.4073692280349889,-0.5249255423985423,45.71300124919935
0.9591469820351537,1.9348435891994227,1.299479185675579,0.3730207803416834,4.806364988293169,84.71589583691548
0.5555449953690028,-1.103328259880154,0.7680739433491228,0.3168049208137305,-1.297829214485899,55.12884576744818
0.5508740280881266,-0.0674315269580159,1.3367451589602883,0.5747319138505722,0.3021447573180983,62.264730107479735
1.1314477300113164,0.9580376451698569,-0.7067051730343846,1.784696542388522,2.8493362497271146,50.728805424808776
-0.9799305676159905,0.7843488796503526,-0.04517558839277529,-0.042931917337695906,2.274915007743063,50.91022012162516
1.5212711142757824,-1.15161686445243,-0.1977325331657632,0.6099837618219435,-2.0360970981620077,43.3222842419194
1.1247745722238573,-1.2118227429150725,-0.5662273547924999,-1.6377861219554595,-2.243879084414183,47.69876329868926
2.5119168779244236,-0.66235984126837,0.9900339917196088,-0.6088905603900413,-0.6691663276778924,77.33878788915658
0.17650850032262408,0.06547205721007233,-0.9728293119960413,0.38154238146334324,0.9529719306871371,36.670033087571895
0.6388416355134955,-0.537663705876562,-0.7703846643752412,-0.22127115755015372,-0.16741854466749284,45.27775601980597
-1.3259709277041025,-1.188857106078279,0.34204317937869305,-0.9570240315601669,-1.7515384906034304,39.165250291801904
0.9787721177955712,-0.27887594755070216,1.5106289573653546,-2.0345767796225465,-0.3949793575520121,81.1062779164817
0.7552366552090036,-1.0100140222717213,1.1779946697311379,0.46408876246164354,-1.73838185140916,53.66848890164001
-1.5465232524276968,-0.41862128613841904,-2.4175890597551866,1.4465690090837122,-0.2490334993282186,1.6639185379685506
1.344992456622238,-0.8342398506717849,0.48624932610831123,-0.8515189504847083,-1.5567302919723298,62.90526951491877
0.9854259060315961,-0.38833337190945494,0.8522288419304654,-1.6594429087327234,-0.5071444613652097,66.34623279891912
-0.22379158477704567,1.540097785319829,0.9120941984355099,0.839657292167051,3.082179971685445,68.21279437166028
2.2147804959974655,-2.0282612616326494,-1.2945547242614546,0.09514616626039786,-3.1599591492182952,34.89280441515981
1.8294722618105361,-1.0078588172651801,0.7792429871946657,2.058895494764476,-1.0853901763115812,52.93212671549779
0.14113919599035343,-1.056946358154529,1.6306965500375497,1.8714764848963226,-1.7736587634716634,48.11803581888453
-1.6756346341845954,-0.5252646451556335,0.8592840082646755,0.45726078713830676,-0.6279482394545748,38.62963884884854
0.5630230099397037,-0.3169422067296583,-0.5277563035198444,0.3592006438510001,0.03631194968688889,40.378329902390966
0.6765663551732358,1.212248675630657,0.009356722071302049,1.1016342411526476,3.035735942781595,58.828687072725806
1.6313829539585936,-0.6497174207470244,-0.16577702313143794,0.47552485781324766,-0.638511835365716,49.97244617919264
-0.5030752195310859,1.5599598441591056,0.3476165214272576,-0.022502327083611447,3.6269824923231817,59.39431061105117
-0.5124164727932508,-1.4623587008375527,-0.9018193758040796,1.7670161517837133,-2.2897441467276347,15.593547314478906
-0.52718777933396,-0.09523759870062422,1.1950583359712759,-1.9884896798105511,-0.08223394589104518,71.02426076385335
1.0128123002564433,-0.8300956206129543,0.008812919913161719,-0.2641264893763635,-0.7089905256502359,50.77781195917235
0.14046941721352166,-0.34418024218951804,0.40740280652116345,-0.4030060622992671,-0.654928970053175,52.65661199565132
-0.8723756613294301,1.0654201815826658,-1.1573833756642402,-0.12224974536505731,2.22784932956123,46.68083512110895
0.7078324020243186,1.7708540685290826,0.5989484252840277,0.18346873538763608,4.388654905229025,77.93041895936823
-0.5730933405920776,0.35883756076572965,-2.303899014863645,0.08998864562439546,1.3300438754894666,27.38818511203783
0.7985821951992746,0.25164625991485373,0.1765785193255605,-0.1071195812025748,1.2034439737965967,59.23882535945041
0.29684453077017414,-0.4758993869095291,-1.159722950990108,1.945072262173743,-0.40153864598287414,24.7336094131279
0.8527978409541495,1.0131834418864945,-0.2677618648460562,2.248257767576606,2.8377682991478252,47.76821816200688
-1.1730394826717714,-0.4960403215376475,-0.004882825164652137,0.3703191929721381,-0.3476985674763665,34.12307785015392
0.6729819094723452,-0.8209678309355319,1.503398600356182,0.8808601390477094,-1.4444584763021013,54.70720284337752
-1.8322746893531534,0.657913471771646,-1.2403705375841938,0.9329237866318417,2.0891496055281817,26.35562655006532
-1.49665531940649,-1.8088269855454429,0.03260794277735552,0.2982909885365792,-3.27304975011919,19.7747167167115
1.2085392366013685,-0.07969191671472363,0.9432655298427309,0.2948522954445076,0.6910264003260281,68.86253627650554
-0.9133023547410851,-0.303734163840132,1.1065489110818545,-0.2558937639523236,-0.2661701825364573,49.86891987791097
0.31106312922673945,0.986948288163691,0.42653393750274066,0.12404023416200498,2.9456632113444465,68.22120023411951
-0.30162007752785996,0.7912816729189758,-1.7705177551420834,1.469554946834156,1.8059929197225326,31.72765904117175
0.15869728852792506,-0.6527694320539383,-0.3629841135163076,-0.5041193744769729,-0.6671389313130902,46.478266909803125
1.7526253817244726,1.6263021017458696,-0.22909593265287048,2.97099952101869,3.3899613448909443,52.912394166611584
-0.043263755953282454,-0.9802625549736314,0.4285152490177041,0.7176198675964449,-1.8311260303494885,37.70012382156267
-1.205802790808515,1.8969009558036363,1.2640857503776617,-0.2875576503663561,4.445077642213366,74.70148499199124
-1.2295737172395054,-0.61331191234984,1.6429486443619101,-1.3838973604426477,-0.5092074120940216,62.04354084970684
0.3502345883112891,-0.6951760934699994,0.8110797005927431,0.0294448252304563,-1.2908642155520083,54.10372121010809
-0.6282508068041004,0.07472779394993724,-1.8656511724848381,-0.904528486758732,0.7269812520421949,33.45762046568475
0.11576712718000018,1.7250947474047804,-0.1397146492081687,-0.5537942703041484,3.8647223227918244,70.17514216442518
-1.0255798662217663,0.5459042667490868,-0.5111907722043345,0.9695495380029041,1.2269945140725076,37.72321082960588
3.625287486146502,-0.7566388118214938,1.4875001056560353,-0.5182428083313161,-0.9956637648910115,89.68526720604282
0.27606849724284316,-0.07744096055993933,0.28703516469482443,-0.2257502662458201,-0.09015715251829406,52.61109989612187
-0.1102291554019236,1.147264793112611,1.3662428435589185,-0.7689651576916865,3.192737616884736,76.92154045722681
1.0831259087169514,-0.3871473170720534,0.19697365775635706,0.41264453004051466,-0.6798573464351663,55.6921698732324
-1.744110250641094,-0.7533347935974722,0.4264350744400753,0.6782126793411518,-0.6438160063065472,28.543158220936938
1.9477701562170489,-1.5895765892001688,-0.7164964811383462,-0.37407640497189554,-2.4406810979267632,38.79941403360417
0.41299252707870665,0.7266727089270039,-0.7418130470339023,-1.042845710583112,1.567856943941658,59.420199716410984
0.8695634881522638,-1.6684513416033937,0.7839218215044549,0.9464649362413107,-2.794215142286399,40.91122314343389
-0.5602137061078044,-1.0394418651470019,-0.13745974454628473,0.23699843925773778,-1.1087330579987364,35.17310310187774
-0.9979499093719897,-0.8912230114082949,1.1292956558577951,0.8247391739785231,-1.53536878152353,39.6377237728067
-2.2132388467752366,0.7553058788095262,-1.0432974976815237,0.4595562631379992,2.084037520857729,28.82107381661062
-0.44244337148134927,-1.9182885319922172,-0.460391329088526,0.4788469542291286,-3.2685419409248833,19.661351425468204
0.6396923552031146,1.094653079198753,-0.29382123783761,-0.561951672422086,2.5307986864627767,60.71980071981721
-1.3108142734170392,0.39959696218786883,-0.6426842104212438,0.4321556223964801,0.9169205843465476,38.73541190713621
-1.5874949255463429,-0.7010198751146139,0.706707618767732,-0.027896998677122968,-0.8575361088247072,37.70336472589151
-0.0462362157688917,0.2965531210789157,0.8728806422550243,0.6748078923827407,1.160971196752826,60.33356977477462
-0.8579448916064452,0.21061134841812365,0.6698241829783934,0.36188936636347385,1.33576246156575,51.28407581299347
0.631744177429087,1.0389521173544556,-0.1407864421846237,1.2356366241061225,2.7043048609008284,56.862239001580285
-0.8247089042952033,-0.041540441278550194,0.3252358003726802,-0.6832235112340393,0.4125430296314863,47.656305695571994
-0.343264862586874,-0.5275901721928847,0.24923351556020118,0.7954611139177733,-0.8697358123936108,40.58814007891742
-1.100552311194593,0.39825762691671324,0.24297857604063097,1.1144127120676823,1.1852943777477951,39.66984771126741
-1.0604115846065616,1.0273707128137017,-0.31098028128499905,-1.4542714560791334,2.627445715895661,60.13647136243616
-0.6519202039299427,-0.3574407287284348,-0.6895996570906168,0.5415037160877011,0.012410432761038481,32.41438778428892
1.1046573759407743,0.09621756553332106,-0.5806714271205524,0.23323113053296693,1.1801685973984863,51.738079934513884
0.6676573387747357,0.6125178733335419,0.7130302787250333,-0.7085369176602513,1.4168243486030216,72.33749983152119
-1.5744802454449096,1.2916358744035508,0.47950134869460215,1.2546765313375001,3.2562557508264,47.66316151361841
0.2148303131058013,-1.003245139638096,-0.8161762794693612,0.1722558343941014,-1.5911564647198135,29.934254749937484
0.38655233385648136,-0.007044315409697916,-0.20304653437738976,0.30522415943281145,0.6224195446199506,52.462655808480974
-1.0442579211637901,-1.0281398746516828,-1.5606012270773397,1.050807939156347,-2.0503093838513755,10.45577257930127
-0.1319142328009009,1.1239779589574683,-1.0238757608428377,0.9237920216957886,2.9812515202969987,44.8498887331441
-2.4190831731786697,-0.8037660945765764,-0.6264169111883692,1.244123328955937,-0.7828317341760176,11.163439761276583
0.5484060672478983,0.1315909236326752,1.1995920475309865,1.7842593256435038,0.30899360597469344,58.256929504367584
-2.029072125738085,-0.5705322951029477,1.9664746279153367,-0.2876837237184459,-0.7847220259724128,51.552253373348975
-1.187723337842476,0.25305670067838176,-1.4594093783755808,-1.6989725234951536,0.7265370427391047,34.87961229018748
0.02971381536101662,-0.8738822977622994,-0.5885943796882429,0.5966496416841992,-1.0989203261135385,32.125585430192615
0.006323020598894513,-0.5408324438168888,-1.3900538258966897,0.17011819456338367,-0.9952575413901257,31.885762735383604
0.6458623425689751,-0.8216931030467899,-1.6169799785450096,-0.45765351370835944,-1.3043058067134867,36.676832691430015
0.8598708398231962,0.0061088775589767785,0.5695776770120897,1.455962073950074,0.6707925314897977,53.46074884895574
-1.6489373051379959,0.07857911883116558,-1.3980084745399548,-0.745220988789182,0.987572974686981,25.975231861459935
-0.8886574178529492,-0.024104470071230052,1.1678822863016418,-0.14506321410352788,0.14074971828047758,55.47190887338248
0.2004689470726399,0.6435548290021997,-0.9536581161274191,-0.1452587454793304,1.3017425269080927,51.93527211974674
0.5551134047899393,2.3047490459332907,-0.41987069351799844,-0.9803273275680486,4.830769223804437,76.70110151630375
-0.9170465590013145,-1.4308888304297247,1.6659250180119085,-0.5687050623915977,-2.081734318368422,53.867317294595054
-0.6270006768238473,-0.08274148148245977,-0.35475897926898675,0.27738820251439905,-0.16139860318417526,42.48125739492506
0.3195770910114767,-1.9326688215987136,-0.687813334172389,0.30537564451869725,-3.175416821696076,24.363541960120433
-0.23795968498580408,-0.631402474162649,1.5821627560342342,0.5166811502536516,-1.0530125367853123,53.26004373527723
1.40862695884896,-1.4866580709207609,-0.07121902716056103,-2.676112467653689,-2.1445746380062767,57.76723552528124
0.39483532780514113,-0.005551188399143405,1.2528923508180045,-0.21386875188361612,0.7968165770338786,66.10762558496049
0.12684499720767758,0.7514272409960352,-1.5121837549813861,0.08092201793037127,2.444355187234764,45.51615136570654
-0.8924063346634243,0.4183810226186713,-0.46466872114890073,0.23190455319760503,1.3314765807251716,38.346228117859894
0.683396574255898,0.5926571399940502,-1.0052396596473858,-0.41393412821599496,1.6665765684422191,53.70730415043522
0.4246357208598569,0.0024441619892351415,0.059615433090329545,1.2209019198961333,0.8230164564366438,44.78389074406882
0.3387040008580909,1.14646175198621,0.3774992697508763,1.5482334808508844,2.852724832864338,53.83998030987098
0.11357436532619285,-0.43211406274098524,-0.027108157821761496,1.8256440000461254,-0.03196653151990314,34.567956292793745
-0.7330699337683965,2.0896488748620836,1.5982352478780302,-0.4152748790847775,4.790489598059475,86.5115268339945
-1.3220297347269756,-1.139096798811448,1.192805165554872,-0.23140076102148455,-1.906685789908934,39.43064376363057
-0.030303367201114286,1.115945184581824,-0.31959014093289195,-1.420342305159297,3.0217728042705816,63.92548738705661
-0.008819644225702201,-2.0865776878270115,-1.2037794938395514,-1.4522525616991184,-3.592015653716823,29.79877398815949
-1.118300684400365,1.4875431319925396,1.1193906553188915,-1.1081874999349925,3.6735504603262825,69.12320470505394
-0.7909065286062548,-0.9516172141754164,0.9527719752971345,-0.12744247545620363,-1.8434927193911967,45.798980998740646
0.6762163998630621,0.48378834760053036,1.7696273032937428,0.15450685189928748,1.1568417921847924,78.31809376713936
1.1782221014724181,1.0025358367632835,-0.48900604176617724,-1.6809106489052852,2.403257706951253,67.77472663150996
0.5885364206474942,-0.1113601836402652,-1.1512803239177518,0.9868333994233407,0.5143323948305005,37.57659730679411
0.8263536112802926,1.1935440249377365,-1.7011123078507417,-1.3154336014162737,2.939304951419257,57.980682800052286
0.40866814351983183,-2.0079303503677743,0.11700459073035181,0.4822268289416478,-3.7751544665992505,32.260134602812265
-0.3917609092019217,-0.35739571222546346,1.4251591113251427,1.967058003988349,0.19471781738196536,44.6363777021603
0.2470674482221002,0.16776999861406786,-1.1542589860639245,-0.8771562040702369,0.3607479722116346,50.541712680248985
0.8054445547445969,0.2009437974324197,-0.7610637095177013,0.8652266072804664,0.6925574911096043,45.130696817029815
1.416146941777252,0.8336231654524531,0.7669406571450343,-0.8574137675136041,1.8678621394747044,84.3697769980198
-0.9167086474872412,-0.5426099500192829,1.7286635479876367,-0.1865612072964229,-0.7204629760203576,57.79935341998888
-0.31638873541155105,0.3609236243449291,0.07637920184672763,-0.2686945825341321,1.6064826874599913,51.375659096610335
0.8952694534612416,-1.1225879687189821,0.9842989398955677,0.8110662182497471,-1.55905189309683,47.54664816820499
-0.7776900758718539,-0.34132184475142346,0.7538316751199078,-1.69308868854393,-0.5429046833257625,56.62313568388102
-1.241739860368897,0.7656634017307737,-1.3616562231453546,-1.007541614710232,1.7188811053012705,35.790661824509655
-1.016470873839417,1.0650698959461207,0.5681827343431971,1.4079941678323213,2.1701221516805034,51.35590050275466
-0.990562703605906,1.045063993232284,0.3322374653550931,-0.05979048537364333,2.2811539419296207,55.836359412417266
-1.8365756737228633,-0.3433544220207748,-1.4351766499764707,3.173982300937372,-0.5077245372233361,0.0
1.2609743694283635,1.022290866200026,-0.9267023730461658,-0.206826838606891,2.3566491127915192,65.19834627236173
-0.5422580318492345,-0.25033179216380425,0.8461406864278271,-0.25336989898937284,0.12566615015826565,51.25888986797275
-1.6224611704696181,-0.12936100975105408,-0.540270263790554,0.43089005538560166,0.4586224083745971,29.80025200496329
-0.16880827913001892,-0.569780584557707,1.3751210859315999,-0.2301179216145653,-1.0088226848546096,58.92929403565334
1.0430738191330966,0.04078382089652294,-0.8694584031961627,1.4940733868418776,0.6227667270576016,44.26649986218822
1.7078523936481933,0.590855224444379,-1.0174306948733223,-0.7563406398236351,2.017344451060595,61.95357256491083
-1.6043716260828722,0.02727024295059101,-0.14993618127334885,1.5047123362646706,0.4182976244636474,35.29040635495178
1.098989010682014,-0.11526509602424104,-0.1924270406239208,-1.671648375940872,0.3299122904383945,67.31802884753864
-1.542680832264703,0.7479177251833262,0.7113391813361174,-2.139794446618485,2.018421675688549,66.40139351019697
0.25559048573524623,1.8608116691760943,0.8156044659893862,-0.23640559563095043,4.289998293904748,74.3426100330549
-1.3226089776438679,0.6144153513848561,1.6184245125146142,-1.2852070420516892,2.1316915410798676,64.89333322210882
2.193763152697993,0.1272951023462422,-1.2586465871859873,1.74572350430449,0.5310681843339065,42.950366083129495
-0.570562824004872,0.49558039517689045,-0.2314974096267061,-0.2550806947827812,1.4923412775495484,49.15709793583043
0.9501409778524909,-1.0785569322826292,0.34041780145089107,0.2920571729519814,-2.157109414658133,45.52989653653625
0.04365868825309068,-0.3846631756305159,0.38033505868095263,0.4537685382981797,-0.7271818928857184,45.11974961227392
1.2416165181585397,0.12800782111610085,0.08841520620200595,0.9064947005743282,0.5715614838911409,55.434999630546585
0.3933563557734969,-0.1962109169492477,-0.5043376113430833,1.2561922461668193,0.199911542609163,44.57741115245775
0.21193166887840778,0.3969369276761743,-0.9638078606792138,-1.3061024413805171,0.8214525712159811,48.47743300877738
-0.7484750736545493,0.8956475290976734,-0.770743677974915,0.644439358603096,2.1800292111979895,38.07522987265813
1.087597020095776,-1.8044881491778182,-0.20774850207034043,-0.2970727188122551,-2.8374922930874034,41.2747719355093
-2.011594557699389,1.2208915079715421,0.5193808020719883,0.3730024862297806,2.447248197687788,52.241309914941944
-1.5465558228110778,-0.5885016196794289,-0.5603734188841619,-0.6478297974098579,-0.34453006241956496,28.678362548898704
-1.4309417013294856,-0.6371215837447469,-0.804509074008685,-1.6898172509380316,-0.5300984011825761,34.93819607198503
1.5055046227028765,-1.0912679372862235,-2.095284959948134,0.6714499242027809,-1.4504829658786795,28.146226133813645
1.7049665576239188,-0.6859961041262886,-0.29827604066822644,0.7193700625293167,-0.5895006401364011,50.96429511396742
-0.14435018659491483,0.6192242094630341,-1.244090455626539,-1.6621964848130377,2.1627024110785302,56.53017580425348
-0.051489369203308655,-2.30626949867357,0.8955234034311358,1.4262702650346117,-4.033347445043793,31.956379679507013
-0.782709043447464,0.4457809586531427,0.2481680271468232,0.12776205788585943,1.0440455199043017,52.5668595502668
0.018420794714651353,-2.6851086777996254,1.7226691978466993,0.16769860276646403,-4.656742621495694,36.307162533783654
0.964672908553372,0.21095977667459553,-1.5771113595786737,-0.7510425510341932,0.781210036242871,46.60640177308803
-0.9907688632107577,0.2807065158792147,-1.1595849268619574,-0.7361446232665028,1.4613920435062542,32.451518671779226
0.4952914963292373,0.2535456753042949,3.3143042392180275,-1.5179162578977623,1.347722158854034,97.9077076324174
0.08778039332146753,-0.9273708133769598,0.2013917980995171,-0.5619706599772282,-1.1499678220380876,47.53035753403104
2.0708785257760858,0.5935881147911207,1.8817549911074853,-1.103921664604996,1.3136020390083816,94.2648027494124
-2.2722441146208565,-0.15651881422808306,-0.039729838595089065,0.8555327209832657,0.06695885993886841,26.074216493831624
1.2772743620558458,-0.41295640078267243,0.25622177642276045,-0.9649657684384547,-0.42830125518573603,63.36090709654608
-1.292102347066687,-0.19484425617872497,-0.6996260676506951,0.9924305439066761,0.47124697572150365,24.012939787038
-1.0961508293926268,0.5948211189961052,0.2148189991869804,0.06633773892448797,2.0982620215538765,55.082508206458414
0.530453331150064,1.2893129586094243,-0.030796421058043633,0.15259541513645458,3.0709316670740012,63.590671335939675
0.30694779108692966,0.4715544148590692,-0.017069939419682142,0.5053398284546486,1.4983406337099057,54.19923693389151
-1.4739428268182388,-0.02878564561215825,-1.7948070353223222,-0.2876572287108612,-0.01401376623178454,19.98012685413147
1.9761107831263025,0.7450562664053708,-0.23003072227793905,0.76883635031923,1.6585011033221195,70.8229236430642
-1.954985365688718,0.19472715448159952,1.9976753132745448,0.6900407486310842,1.0342358934001723,55.72959381378091
0.11821727935095082,-0.7997264392764736,-0.40986453387718347,-0.9378569275311085,-1.1333359098791962,46.629763133335814
1.639037488943448,-1.4667949938417197,1.1771450590799146,-0.4859145606895483,-2.8651387729897158,63.899707974611644
0.2607095234247085,1.6155900498257036,0.991335792015121,0.9349324071100733,3.334677136365239,72.54660728137073
0.09659373437643208,-1.8868369253608048,0.2543875743021134,0.9983668786197869,-3.6723188348251647,31.60751196117313
-1.7431410369534588,-0.35627075944674486,0.6466754522701722,1.6232854458352473,-0.38656739254087147,34.92019843977322
-0.3668712150717603,0.5289297923034452,0.27171913432081896,-0.33262456232675497,1.6513617171507031,56.7194054986224
0.8420242424371531,-0.596035401350443,0.23793134389310416,-0.2456850884846584,-0.3864419628293765,54.37690179360541
-0.38885375150891666,-3.0513130596790443,1.576267948456706,-0.38012610766858107,-5.361942114925185,36.47265914081841
-0.28919110419011307,1.2015827573565654,0.5402596907894025,-1.9895260328679034,2.7359510580020756,76.13073475967131
1.3843916344382698,-0.016912017290845953,-0.7220136591381068,-2.2608299756156263,0.03919038021492095,66.99139700333735
-0.32763082333099647,1.3510305631521597,-0.9735831199781423,0.6127701762267231,2.7720318786476406,49.95458876740465
-1.4622177728156318,1.1682912713951186,-1.5042555751450142,0.7521835142658088,2.495395325952372,32.35813547846226
-2.600177370471142,1.3821767388198405,0.7692091922865549,-0.3485100003171306,3.345086514070565,53.26975935054244
0.9606248032998537,-0.7903656891853947,-1.5089171197924285,0.7128497956872801,-1.2830449037175427,29.641488654647137
0.3579211279714816,-0.39146105277790033,1.2639640071060474,0.9965800171083447,-0.15736383082778804,56.34401486085312
-0.010695132341917933,0.2602407254118704,2.317774707628509,0.4029149446451706,0.5960731073948022,76.72346528264634
-0.11272971690471717,-0.250483734461174,1.5646435935694873,-0.518703694374579,0.1475289961995746,69.02168600513212
0.3273013988556978,-1.3876351590872043,-1.2261544934991186,0.15554654326271453,-2.496599426808683,25.382869731502634
0.4857901771702392,-0.24977210659449586,-0.06357308059048102,0.5229716269989917,-0.3507271242195959,46.54590868241672
0.03192129532756172,1.0695754628255243,-0.9501809868390251,0.9266548198246016,3.1003484737532,42.81104501677069
-1.736960197440596,-0.9820649525000836,-0.3207341973514433,0.37470670038006565,-1.123771891831363,22.639468190417418
1.0895522870185126,-2.2584615334631364,-0.2963224622197717,-1.8880322547025663,-4.404410639106613,47.0889556928664
0.716010724619602,-0.6468167075501708,0.654783842005618,-0.18735283821084855,-0.8946653445307754,58.102776155067346
0.6550992005292515,-1.1004765390641529,-2.0815380012557045,0.808245738049523,-2.12967027359276,18.94224241308768
-0.14901377221550174,0.42596674984978417,0.7314657358201054,0.7160257975174191,1.7882000010720918,52.69777196345108
-0.8805113340514016,1.264644911519256,0.7788969022802447,-0.08905337079807078,3.346463633020249,67.36536806264742
-1.64300212402977,-1.1294543692799608,0.8202185174186724,0.9206990889855337,-1.6802915809569847,30.623313595887314
-1.3699315675674606,-1.8563243095007196,-2.2599276742934413,-1.5476562168895072,-2.781707013587224,10.868868093507162
-0.2689573102662727,-2.5567265322280974,1.1320074094049648,-0.03468126349311669,-4.63208300150556,30.60786616990675
-0.4719409468613803,1.4568120232864767,-1.8887629793281906,1.2173465737317284,3.013867130999182,35.79437995338759
-1.958531639344522,-2.977125312284816,0.761093134118788,-1.2854890462721158,-5.585422715751207,26.473027212982338
0.37338994400136105,-0.049423885255338834,-1.4935496677890385,0.8496073597130113,0.8625691381424232,36.54331647599163
0.1359403752325965,-0.8198334064279026,-1.0413743865011504,-1.4306973717089302,-1.6137623041936822,42.87466384743335
0.013747012349088417,-0.4149458684932988,-0.21332802096531991,-0.22565015045214054,-0.41504037473012656,45.10699878077424
0.35053274090874803,0.07969699117399685,1.4414378792268827,-1.210764502932532,0.4051450851631211,75.7163034333234
-0.431666770637482,0.5404527323951792,-0.2414100744170262,-1.4834869999768225,1.1773284274147655,57.59559769324786
0.1992352355333243,-1.1629265235798918,0.18043935673910486,0.27529938043485075,-1.7045980824296296,40.89697614407374
1.6009325410890836,-1.3501939443510835,1.3136120584842705,-0.37959116375467544,-2.5654855632284463,64.60486287650126
-0.43257637614987793,0.5167975541033187,-1.398116010837694,-1.491522346327861,1.0930517292223128,44.01538425775332
0.04397373756246216,-0.26862556885147854,0.6601183750973989,-0.4178631149745609,-0.33251405656973754,60.78027209776595
0.06351614665329976,-0.7546084397765853,0.8186315392605814,0.09005286491048366,-1.3392680629050813,49.873444123728575
-0.25281598761686713,-1.8648057976546633,-0.02973531181966546,-1.224985742468971,-2.945970387583162,35.268866885179975
1.2977948825780599,-0.7756475074999823,0.5442390069093492,0.4844983535057324,-0.5861952591333512,57.413645810125935
1.7746450314059348,-0.1974146791582499,1.3337378194424867,-1.0481475122462551,-0.2637386950989582,85.55461601897059
0.38059758458030174,-0.36917774518339747,-1.143721826337127,1.286229327627375,-0.4983718867674981,30.297861417689553
0.4535106356575281,0.2379877909604804,1.2552849950743126,0.08493475320236527,0.6408134669697642,65.15052386163593
-1.3680922545200922,0.2503324367731089,-0.4999681022271754,-0.41584303954961704,1.0820059591353721,42.92308029519315
-1.2980466376694824,-0.26124048467201855,0.07274552915143462,0.7959146932233903,-0.45632372722108083,29.444999804257556
-0.9647634673094592,0.07909219271105895,0.666987849591698,-2.0463327763647605,0.4088326498353362,66.12268482177893
0.8044995342208648,0.11678266815348189,3.7024582375998607,-0.8262288220660532,1.1907210328151918,100.0
-0.15438324494581626,1.020129443550013,-0.6696007176616701,-1.0431074865162258,3.0348216994735453,54.94586021164544
-0.43769479082101204,-1.3664872876256482,1.6013028114741226,1.0693077964533662,-2.145177740292816,42.95995265570487
-0.12284340561303929,-0.511128992552914,0.6940522720694241,-1.729417429210297,-0.2649272259593701,61.331120529430336
1.6790834795361005,1.066604697164134,-1.0966236823613136,-0.40362571523332874,2.9837978413304533,66.37767011199266
0.137119373494396,-0.29210985491341407,-2.053813672157461,0.9813120968490128,-0.3476043189705955,17.916434317397815
1.3906058077706058,-0.2901459226661728,-0.887111065644719,0.7132182665240192,0.1351296465237456,44.53414376749242
-0.3774316291917807,-0.7234068444165794,0.37088981764512535,1.449186769208846,-1.0884925748617702,34.069572134048734
-0.8153447039746088,-1.6159147598367398,1.8296948093176713,0.6627614165472115,-2.345348479490701,43.135313841116066
0.641420655594048,1.0672155507363046,2.457587626290851,0.1982902566629641,3.029460492911066,90.1336699935741
1.1415330979105376,-0.1508230423766576,0.9491338398560336,0.7956675731322599,0.53494946585166,60.406382219157976
1.2283947329507021,-0.3878630033438097,0.060700633284689026,-0.49850610974870363,-0.7338685847855764,54.27537345044534
-0.48561109195805996,0.17852721478470235,-0.7252244387853625,-0.7919233758122878,0.8543356091605632,46.65967627304195
-0.11022169417440009,1.6168222299158295,-0.6804254284688731,0.3917928317783409,3.5354883747851056,58.119143339558235
1.1826056970263505,1.5744855841685348,-0.5188742524769029,0.1148781253379219,3.293418067100525,73.24751462802553
0.019355076617451422,-0.3688210511958135,0.05532322693160816,-0.3437534108368252,0.20947195121532058,46.40542758400153
-0.06711047163915182,-1.3580452003570913,-0.16943685686341148,-0.4882424926364187,-2.61401759518671,36.42674061089707
1.237639447842792,-0.8983990157022218,0.007071738232982731,-1.30638703171152,-1.5173618019713142,56.666653469145004
-0.15456120848328828,1.027785629081787,-0.4309526745920102,-0.01793030810129122,2.3227715645880913,55.97456291756949
-0.7209162035736708,-0.5939389936147311,0.15194780412536543,1.1840557104630376,-0.9043543153407496,35.17754672527098
0.8846223804995846,-1.3138647533626822,-0.47721803035950267,0.04381816897592824,-2.5861353471070045,39.886924872257055
-0.29546126100402637,-2.4286073324317767,1.1478610273307777,-1.4109775570477001,-4.529761079515543,45.05655671672075
0.15014003219686656,-0.26224232665459823,-0.5081293365435791,-1.0642822912363774,0.47415055215787394,53.5497877853058
-0.3498921267287957,0.7888225817288353,-1.232258390627583,0.1327046050199848,2.190845344966102,43.08456292709511
1.6048502425374829,-1.143586823291773,0.4254931904066243,-0.7374499084372382,-1.975984918164135,56.540557233530244
-1.7979837497995081,-0.6147012180914211,0.22920336743153535,0.49072140914482326,-0.7170637657914715,32.07540412133059
0.2705934249706648,-1.0203592788039855,-0.9607751102139338,2.030393553778298,-1.2351481280055037,21.312887613982355
0.2528250912215497,-0.34903539298253017,1.9907378123222452,0.459846150218099,0.2669441618001731,64.1693909449198
0.5387311200747825,0.6862349996264259,0.8300346768171067,0.1402829452884231,2.0803046661280766,70.57629295260614
-1.1671417007085148,-0.011673357537970656,-0.6387116839847023,-0.26151484995466134,0.4895217919440129,39.56868620578056
0.564485518294597,-0.0797409381855717,-1.2935366319217843,-0.8742857226105203,0.04860286673732653,47.21649489502438
-0.20877794498866847,-0.594951910062353,-0.16647997835386108,-0.23387853977693543,-0.8175294764737928,43.94866464918085
-0.025086789288371658,-0.39124643978331847,0.7119254346765275,-0.11434968248918526,-0.12011416686549525,52.97296979957934
1.164011675103121,-0.5497589841331134,0.5332786943612728,-0.21911054590307455,-0.5106300514526959,62.3302962033516
-0.25033527967810804,-0.2055137389443794,0.8128671318976025,-0.13463965067588185,0.3657728854963034,53.88638599706589
-0.2799576983106756,-1.522735811957671,-0.3357604458813453,-0.1974710908210576,-2.9763419134637883,30.167425013569922
-1.2565816166885246,-0.435158362649036,1.4513721063317926,2.1894738723466824,-0.06388005719700485,41.518408769249795
-0.6484320227760582,0.8628320949627665,0.37086997203026,1.0705854991525032,2.253186138945291,49.431359883707266
-0.5651045450432175,-0.48101212153797596,0.16347532396813125,1.1057189775541871,-0.5929021769965566,34.875533984705655
0.9132679829158662,-0.7557781390110362,0.16593470959171167,0.3910361419542006,-1.426177102972682,49.683936480014594
1.1010261740795357,0.7836778887844725,-0.7217036842400035,0.353296340761687,2.309784485274668,55.33482181146834
0.008418903741827322,-0.9082839352408411,1.8608776920378558,0.553207169477704,-1.4023604334457254,54.79044153282738
-0.911175535186028,-3.0270480042355885,0.9564402966655933,1.2870083918597066,-5.797945165905474,20.518410910607
-0.42279272744280805,0.18526783527828347,0.6631877698390688,1.8834238307500453,1.3211026257109817,44.52688017288787
-0.4794265219317063,-0.9976667399712436,1.377986306574953,-0.5587280769561314,-1.1210850225151143,55.45807121517142
-0.014973185817623602,-0.20828341808275092,2.3158585972504517,-1.8391518871873185,0.0015603641830770343,81.88391597643343
0.49543485101087276,0.3519160207198185,-0.018783302516931433,1.7589004538113266,1.423829511054111,40.76306864808113
1.0427393007297336,-0.37452643622374066,-0.11295428821809919,-0.3336367732620037,-0.17854349905105538,55.659125954072245
0.6808841173259014,-0.8194510920738749,-0.6645838835511666,0.6062072452585552,-1.4030597823073832,35.997979974485894
-0.3986161702554536,0.28598427306966,-0.8162500603504509,-1.8153063768267446,0.6399266983799933,50.12848884224954
0.13276813231129195,-1.2956004711033724,0.6669404457387679,-0.8039022045276351,-2.063199197437687,47.63625371840536
-0.40467741460089085,0.05003364217686021,1.7095730636529485,-0.8813180422075299,0.26246592600702995,75.13937940391888
1.4517361513890779,-1.410392852775231,-0.5387931105152016,-1.0963693897551867,-2.079970069111834,45.673452908427315
-0.6872418180886369,-1.897871427616133,-1.0259682963524803,-0.43175699432843584,-3.660536164682813,18.965103645727016
1.0262050184249547,0.03444141508372971,0.178972909330601,-0.14783687454615346,0.4323037443351305,60.98360875869945
-0.6102997148963751,-0.9476423158194931,-0.1664446650492013,-0.35936374191407966,-1.4294271107375232,39.04604667784012
0.9023680496446272,-1.0649108661859463,-0.025064266426338223,0.3947358751188212,-1.2467850077135245,43.593811886264774
-0.12863235677802878,2.177734251583515,1.2136432678173017,0.09390570472460145,5.044695394369413,88.74845918262609
-0.1745193377023437,-1.0781855773507474,-2.2622412928787448,0.683806416717496,-1.7845759457832178,7.354651733503842
0.23502701286442304,0.1273085242395576,0.9395028541954218,-0.13801465500803695,0.5302626560450425,61.048459140586964
1.6735616383085725,-1.3365054905700682,-1.8770842992086634,0.42067282946532464,-1.7532388394282945,29.249325504382774
1.3750513972317449,0.5717032131602973,-0.8180216985367288,-0.24086618132875376,1.3770423962570149,56.538284651771534
0.12197978149816244,0.3149837408202601,0.20420500387853047,0.3971575049427377,1.3677077131887208,55.308716451521754
-0.47817071224984736,-0.4920512272784569,-0.5258116475205293,-0.6609252321271861,-0.8593567232257406,39.82674862328813
0.9083187163404699,1.5032619527054862,-1.1590364650212066,-0.3628034862171355,3.215743575818424,60.35431354147137
-0.05761542130293295,-0.3400755482403569,0.7087292244274667,-0.37872822090985664,-0.31506067163367846,54.30417608940282
0.2409409946029575,-1.7028603791906167,-0.7401663953383548,0.8519247679993566,-2.5158202650290176,22.8621100994228
-1.9557671283697031,0.8797879528914013,-0.6531381615693331,-0.2945321365101951,2.4124296180763354,34.53923739321909
-0.035176986344999925,0.816817723934366,-0.045891361969496294,-0.19424524851029887,2.584175946903497,59.45378533028879
0.6635349627016206,-0.4678309897497983,0.7533429812403962,0.4449108248942821,-0.8813734130841481,60.20280673782582
-1.9144720434058142,-0.6028851040072183,-1.8608895289421137,-0.845833407057182,-0.6544718808907002,16.668222876144217
0.4530377867748749,0.24045678041458773,1.6194308066407048,0.6572574850828106,0.8014940997925956,69.39071948212849
-0.15851092441970857,1.3440712910307915,0.2578969838252818,-0.4857372050946592,3.2279119165099983,66.57099291495837
-0.4904199858879947,-0.5920339307922998,-1.2813806177266631,1.9021302164933336,-0.8689712104174656,18.997460735155897
-0.15605840282949943,-0.9120909131338855,0.2657870467480051,0.5713489619287757,-1.4052793513714394,40.86636333219294
0.48994356456830396,0.58958091205193,0.24527203568827588,-0.029701967448859685,1.9694650937674323,62.98121404020246
-0.4551523755971723,0.7136914464066472,-0.9509960181291206,-1.0595166924930606,1.4944682382206178,50.98385919509738
-0.6432508520959856,0.6076208158509596,-1.8398093873093992,-1.3998724308148656,2.00514829499168,42.172131697257086
-1.1010676301114757,0.9823674342581601,-1.5464773155829683,0.5453599476195304,2.721806429869215,31.930348817288007
0.4959849529069702,-0.8191570297484536,-1.5391224856500472,-0.11972409046924068,-1.044889823773417,29.528275297220645
-0.8212711664976208,-0.9930127705333796,-0.4323103411852194,0.2838527164533592,-1.8424491050658507,30.885321432845686
-0.029008543950865162,0.030367880342729508,-0.17315696590174331,0.36488009254587983,0.7981166202438111,43.37005667323249
-0.07827674855667234,-0.42658597941753235,-1.1692757971880354,-0.5569645282587089,-0.5800649841586285,35.860887578273314
-0.41399925543572436,-0.3641003130641346,2.149909566697527,-1.7478412046618568,-0.059321061221005555,76.85567203314483
0.9950494570032771,-1.018342443901054,-0.35079028409659163,-0.16596051296745046,-1.5846062990209178,43.24117234412985
-0.272735536136126,-0.04184422818082224,-0.49204389314242847,0.6264145034858771,0.6359972668363769,34.497036079302454
-1.8513869397823477,2.4483244406749085,-0.8105369198697807,0.29771178609453386,5.5932243230552405,53.63630398881804
-0.6414637540322301,-0.2126428546245952,-1.593210967955171,-0.38789741540733125,-0.1307564360080119,27.49458685564401
0.05773997327401139,-1.4965727041438166,0.05450503647865658,-0.22772375229445893,-2.547751668699002,39.83690680338591
0.5447050085282209,-0.2722669122131674,-0.11520507040279133,0.23197749958609087,-0.19477781621790358,48.37458891401661
-0.10945433388060835,-0.5747084204927051,0.37729523411320043,0.9599961802272166,-1.0766568775488514,41.31892679411598
-1.2130464648514563,-1.0347729903068779,1.9049295051453359,1.2571566892274486,-1.9732258651415404,39.101414018709356
-0.34416629550489103,-1.1824887028464552,-1.3814906127668967,-0.9007966105029258,-2.0368932005172335,26.250005643023954
0.20614815119053928,-0.2269374381224628,-0.4475424402202784,-1.481959950623603,-0.2366573890096344,54.725203188602855
-1.639296247316983,-1.1127811504388292,-1.06215612342783,0.6151085644145126,-1.9647902133348623,10.079028845529598
0.1361322297175994,0.7436369707501894,0.14181051738349576,2.2107916395785647,1.9473744916638185,44.66766413329572
0.04153347767162659,-0.5208761370430881,1.0914222638877025,1.311176705074926,-0.38049266683043803,47.65455025026454
0.7657210720237916,-1.419871306328183,1.626573604958715,-0.350815840962548,-2.3962360566031777,65.93730944079809
-1.2305793995280288,-1.1148610626563016,-2.086141937900676,0.056453121987648375,-1.7407012394673549,9.452544523906548
-1.4166559798496592,0.32290945989206077,1.1099914666813084,0.8324553921642275,1.2638446351872081,47.79256621605021
2.1581493420569187,-0.30020607451955067,-0.8554371686598813,-0.679071599825507,0.39127521953884714,58.470660569701074
0.049505596805839075,-0.7236720262120702,-0.08121348359535965,-0.6242438601331597,-1.0638467497751538,45.74072712481655
1.697947529182855,-2.020810481868006,1.5726680679456164,-0.15236849689371149,-3.1274418887273985,64.20843719734086
-2.359214738012778,1.7194765552886366,0.1665195100182666,-1.0697983584569932,3.6290722652857696,57.841993571776754
-0.7305266436933302,-0.5305821443551044,0.14898639468099084,-1.2334710444531563,-0.8212761441587946,47.589887291892346
0.7868534886426969,-0.22800950846727888,-0.557314780572885,0.039379834162575296,0.3064740742233442,48.451206385807325
-0.26050346115839995,-0.9987397917502777,-1.3562282319393084,-0.3858280023244166,-1.6433504523767426,25.475899675368964
-0.6695027738712113,0.6806269535179037,1.3391482967526191,-0.9895727958115563,1.394739441201613,73.97983793612721
0.17238567883142228,-0.04446017087362048,-0.039362704747178304,1.15979226787136,0.03986137377292996,44.33172494506585
-2.443315022791255,1.083959962834843,-0.46545860128817707,0.7933804906118208,2.871466039262063,31.738788261677296
0.35582379352265997,0.10661776077354669,-1.028146556399895,0.49281913105515934,0.6621845726480196,41.276019668137245
0.9190081310452454,0.8613576138837739,0.32626227294865634,-2.019650642095354,2.172594182372076,85.3946869806094
0.7863629178835218,-0.8238861049750625,0.8879257228203044,-0.4362321147585957,-0.8083285897888377,64.25662271690614
-1.7975984330103816,0.5010068802841025,-1.2758408831643695,1.6861220354611746,1.683342621955402,19.318734919607383
1.3653665089470088,-0.7484758552646209,-0.7374315500095434,-0.4035362652374241,-1.215113952705953,46.18897916763191
1.3496141747863448,-1.2542884886920436,0.17510278569019244,-0.7815713344283228,-2.4488084512185098,48.32050322273969
1.071683929782794,-0.8623084869368738,0.4921189029137968,-0.8358439021819729,-1.4287145558697294,59.1851681015044
-0.641828530822587,1.0482473020839917,0.10202088707622801,0.7798507553974141,2.8200811174339595,53.34919854600503
-0.3631476209743398,-1.2133750502878673,0.4235426262033338,-2.073599248168289,-1.8566746738215465,55.95431451631202
0.9970883670936515,-0.14062002701591825,-0.0349433855520906,0.7254334803985123,0.37518740479824164,48.59131673354664
0.7468915307081104,0.556442944619554,0.8813011325194829,0.9242937418378228,2.0936272376478255,64.34228972296442
0.17820973535368131,-1.4906181741999258,1.1566099979255406,0.2713354881969209,-2.0910915606162535,46.76657684737395
2.3485983560563453,0.07058901660608496,-0.7001198424098818,0.41913173569565904,0.9682563282838897,61.24406177029327
-0.5089530613642178,-0.6032113570546543,0.5310244166797098,0.5683854482301636,-0.7599433533339487,38.15779541322845
1.5881611452455604,1.326023297341772,0.8967490724098993,-0.38814617419599784,3.0605986431983236,84.8421146869249
0.1498575565610912,-0.4267420209948732,0.938181935126898,-0.5519664082287561,-0.14023896454860385,59.11869614238715
0.012993202777979117,0.5216643408637679,0.9846478775851835,0.21415049741585737,1.3965000878188425,63.97297507503408
0.04426667266058075,1.0347094640539574,-1.0916459816152264,-0.8909920536793422,2.9089139259503423,56.99793192615951
1.3716580409297006,-1.075390110352028,-0.3490324565207251,-1.7676827758698883,-1.7648022937049967,55.11464235204454
-0.2455483204712093,-0.8714322291978471,-0.1092568593956642,-0.14991871734835038,-1.3266063331655071,40.31324736941649
-0.3038800285737661,1.2609207218064573,0.6519955646769935,1.1286100829228676,3.2659928272776626,55.4583132913528
-0.391983689267566,0.43038070889692925,0.16760469235925274,-0.9794779312352407,1.6600127803606322,59.00734215746392
-1.622674822605305,-0.39510966923547597,-0.9182084566541844,1.526863330872842,-0.6876223526274828,15.500483142856236
0.5621498924732614,0.4134327013175025,0.4325543373183505,1.8033419129228225,1.1814240593853869,56.71711820862739
0.8971497471863671,-0.3295781528443636,-2.2817923149605375,1.3244886972948617,0.2965157537013302,23.328971305787828
-1.0956215143992958,0.46471826914051795,0.5763778470688875,-0.7716013267250401,1.2405130321901185,56.32767207700747
1.0977794875406313,0.08496405782088995,-0.43010060707701275,2.6765213650405153,0.7013166500259014,42.81912561949493
-1.650389473297853,-0.10134839078986073,-1.7801305773930234,-0.3010310057225776,0.6099739138625744,22.438502279417687
0.25199512668322666,2.8118783750058736,0.4350092581717443,0.2746001203219027,6.536712913026048,82.93175599077085
0.1249141450039595,-1.1953403146648633,-0.9421938197122975,2.0632508460514387,-2.143455907934683,17.412014355516853
-0.07705374831565905,0.9799140185787347,0.1990378736810512,-1.3937483866911928,2.316143172114473,75.06729977819762
-0.8066985141854794,0.5015396832734578,1.4434917649318784,-1.6291119733034929,1.281760598121831,74.45523686077028
0.7776230651763194,-0.019378083637550263,0.7257291321564842,-0.22301415337862945,0.7737842635909112,64.08403123927246
-0.6887997974406604,0.24025470877059454,0.004766667675891961,0.5890913022626665,0.8564179992970296,44.8125137088931
1.5332694376615283,0.12833227228356336,-0.07463857612378184,0.5469514467897013,0.3734378462174045,57.35822569525331
-0.32493828486878773,-0.25659048447326804,1.2912053951699345,0.6713712134354131,0.2062927655428496,52.68120955813364
3.0067994526549136,-0.8307876421385781,-1.297291842748176,-1.060375406489925,-1.0449812212498673,54.60271020970843
-1.465472088098516,-0.5395746120322971,-0.6371348630610886,0.4083452424507089,-0.9873796849246373,25.440090679999383
-1.004608605388088,-0.22404360720612895,-0.6878595098340832,0.2940332476891754,-0.356933888847668,34.39696019979521
1.5868665430662814,0.8539633716563882,-2.2174176110366517,-0.09071677302864654,2.704013273856199,53.970435737456256
-0.23963207346547077,-0.8701591900376577,1.5008903569010312,0.006298778957334841,-1.0184725119937537,58.55724197643893
-0.518032039172957,-0.4973635377823393,-0.4556143609600363,0.6743089416327028,-0.5828051792505621,33.71486655794559
-0.576263454223926,-0.026957374637795885,0.7594370804507713,0.3099794957553304,0.09418345997652337,50.675694299440586
1.2622031991734701,1.0578212070622872,-0.3491422391255915,1.59375081038187,2.439237970844546,59.0586828227712
0.48352878740830696,-0.018627715556959044,0.15113037165299167,0.32158469309218346,0.7774653722765517,54.66274454674287
0.525936394747326,0.6279365460521118,-0.9609695378788801,-1.2753827123464392,1.7126139305962877,56.28579180271407
1.402317855336124,0.5484562159639912,-0.38129187105614576,-0.42577846289341775,1.9141360807662537,66.76178015207836
0.13324181222965562,-1.2641168539343983,1.2383331298488172,1.3973866444142098,-1.8865674173858462,42.33541834442662
-0.35215232219852866,-0.2734540747797262,1.3663263200267939,-1.2647375649546961,0.14599664101012022,66.68896889574354
-0.38804294702135633,-0.11537269137804526,0.859297682586489,-0.35674534984348105,0.012156828848383816,61.05841854450424
-0.49805018603204015,-0.12909862626030005,1.0432894306978888,-0.058189925996690844,-0.19808370445664403,53.37753406460146
0.3275941079288413,-0.40651750651385915,-0.10320704779964078,0.8447046987675307,-0.7160022932308521,45.12280735781725
-0.7109387114470598,0.5657962798060927,0.20717153988742182,-0.39486823543270544,1.868761404964482,51.8936331807297
1.2281157134141427,-0.9667757919296965,0.5703839564343076,0.5589498828526618,-1.477891884644581,51.31128888343771
-0.8109689761121712,0.5599737994470524,1.9764125832872759,-0.9783219267668023,1.2732153615422246,71.86194989768079
0.10273963254916008,1.4245788907924217,-0.4294207249483339,1.604868069004527,3.271263630059803,52.726199090439685
0.26787520176265733,-0.6470310651425144,-1.164047243636801,1.3046916596683606,-0.6836931526212654,28.678686876429797
1.5867474040178358,-0.945517002518677,-1.2590084992287842,-0.3838936574929074,-1.5612548065139007,41.40286307621196
0.896355735894469,1.5186921589496731,-0.6113531517758014,1.1081833495386504,3.989591483148827,55.65485664258384
-0.18267639229750904,-0.6254480287667777,1.7791882146199345,-0.662497812696662,-0.9723071354401525,68.8335157895042
0.17542638744453995,0.8822196822390977,-0.1479328829903674,-1.0009476719684494,2.6703891520978096,64.79742185333428
0.09992031880757596,0.9899867542410267,-1.9067463903077213,0.23537339775063584,2.0334474089173895,41.551271730492154
0.6583975830628006,0.8880592397062294,0.37282326896696194,-0.49043004800739587,2.535683238250776,68.26587849159048
-1.0757235496136395,1.1932525791617592,0.1379160442317949,1.483316608445911,2.4306152487796866,48.35460018204134
0.00753668540923603,0.21174927944645386,0.7456570318573341,-0.060558505662368194,1.0647615998002278,61.61114479085843
-2.9839702048819636,0.3191961758756039,-1.5152156584277958,-1.2978776138584578,0.9690912192853098,26.569153110664367
0.14486810097479155,-0.2569233713518073,0.37983922585678326,0.19682800607291293,0.2755666073100099,52.92078367804145
2.0511032822612756,0.991918916410455,0.4978030007563939,2.2725482709661224,2.8856065037887024,66.30775298561268
0.33900098162524633,0.9961081529079141,0.428499422515909,1.7123465710858863,2.973064637993382,57.31821210951623
2.0503454867457815,-0.2671932455094023,0.6353132485930081,-0.25954302958381553,0.17750077535975717,66.48718534521055
-0.43683388464915124,0.31749255979362456,0.8751152125286398,-0.4574116895060476,1.0361738559093996,66.51819545586045
